﻿<?xml version="1.0" encoding="utf-8"?>
<publishData>
  <publishProfile publishUrl="J:\Curso Android Cibertec\Semana13\Web Service ASP.Net\publicado_13_12_2014" deleteExistingFiles="False" ftpAnonymousLogin="False" ftpPassiveMode="True" msdeploySite="" msdeploySiteID="" msdeployRemoteSitePhysicalPath="" msdeployAllowUntrustedCertificate="False" msdeploySkipExtraFilesOnServer="True" msdeployMarkAsApp="False" profileName="Profile1" publishMethod="FileSystem" replaceMatchingFiles="True" userName="" savePWD="False" userPWD="" SelectedForPublish="True">
    <file relUrl="js/jquery-ui.min.js" publishTime="09/19/2014 13:45:26" />
    <file relUrl="Servicios/ClienteJson.aspx" publishTime="09/19/2014 14:18:58" />
    <file relUrl="js/jquery-ui-1.8.16.custom.min.js" publishTime="09/19/2014 13:45:26" />
    <file relUrl="bin/AppIntegradorASPNET.pdb" publishTime="12/13/2014 12:40:50" />
    <file relUrl="bin/AppIntegradorASPNET.dll" publishTime="12/13/2014 12:40:50" />
    <file relUrl="operaciones.asmx" publishTime="12/13/2014 12:39:28" />
    <file relUrl="LoginUsuario.asmx" publishTime="12/13/2014 12:38:52" />
    <file relUrl="Servicios/LOGICA_UsuariosLogin.aspx" publishTime="11/23/2014 08:46:22" />
    <file relUrl="Servicios/LOGICA_UsuariosJSON.aspx" publishTime="09/19/2014 14:02:12" />
    <file relUrl="js/jquery-1.6.2.min.js" publishTime="09/19/2014 13:45:26" />
    <file relUrl="js/jquery.min.js" publishTime="09/19/2014 13:45:26" />
    <file relUrl="Web.config" publishTime="12/13/2014 12:41:48" />
    <file relUrl="Servicios/LOGICA_UsuariosLoginJSON.aspx" publishTime="11/23/2014 08:46:22" />
    <file relUrl="Default.aspx" publishTime="08/16/2014 18:04:48" />
  </publishProfile>
</publishData>